<?xml version="1.0" encoding="UTF-8"?><rss version="2.0"><channel><title>Codevs</title><description>¡Bienvenidos a Codevs!</description><link>https://codevs.kroko.cl/</link><item><title>Using MDX</title><link>https://codevs.kroko.cl/blog/using-mdx/</link><guid isPermaLink="true">https://codevs.kroko.cl/blog/using-mdx/</guid><description>Lorem ipsum dolor sit amet</description><pubDate>Sat, 01 Jun 2024 04:00:00 GMT</pubDate></item><item><title>First post</title><link>https://codevs.kroko.cl/blog/first-post/</link><guid isPermaLink="true">https://codevs.kroko.cl/blog/first-post/</guid><description>Lorem ipsum dolor sit amet</description><pubDate>Fri, 08 Jul 2022 04:00:00 GMT</pubDate></item><item><title>Third post</title><link>https://codevs.kroko.cl/blog/third-post/</link><guid isPermaLink="true">https://codevs.kroko.cl/blog/third-post/</guid><description>Lorem ipsum dolor sit amet</description><pubDate>Fri, 22 Jul 2022 04:00:00 GMT</pubDate></item><item><title>Second post</title><link>https://codevs.kroko.cl/blog/second-post/</link><guid isPermaLink="true">https://codevs.kroko.cl/blog/second-post/</guid><description>Lorem ipsum dolor sit amet</description><pubDate>Fri, 15 Jul 2022 04:00:00 GMT</pubDate></item><item><title>Markdown Style Guide</title><link>https://codevs.kroko.cl/blog/markdown-style-guide/</link><guid isPermaLink="true">https://codevs.kroko.cl/blog/markdown-style-guide/</guid><description>Here is a sample of some basic Markdown syntax that can be used when writing Markdown content in Astro.</description><pubDate>Wed, 19 Jun 2024 04:00:00 GMT</pubDate></item></channel></rss>